{"AAPL": -283.73173518149315, "TSLA": -344.7125871159093, "MSFT": 705.2398662314006}